<?xml version="1.0" encoding="UTF-8"?>
<project-private xmlns="http://www.netbeans.org/ns/project-private/1">
    <editor-bookmarks xmlns="http://www.netbeans.org/ns/editor-bookmarks/2" lastBookmarkId="0"/>
    <open-files xmlns="http://www.netbeans.org/ns/projectui-open-files/2">
        <group>
            <file>file:/C:/Users/Jesús/Google%20Drive/Universidad/2º%20GII/1er%20Semestre/Programación%20Concurrente%20y%20de%20Tiempo%20Real/Prácticas/Práctica%202/usaComplejos/src/UsaComplejos.java</file>
            <file>file:/C:/Users/Jesús/Google%20Drive/Universidad/2º%20GII/1er%20Semestre/Programación%20Concurrente%20y%20de%20Tiempo%20Real/Prácticas/Práctica%202/usaComplejos/src/Complejos.java</file>
        </group>
    </open-files>
</project-private>
