<?xml version="1.0" encoding="UTF-8"?>

<mule xmlns:smtps="http://www.mulesoft.org/schema/mule/smtps" xmlns:smtp="http://www.mulesoft.org/schema/mule/smtp" xmlns:twitter="http://www.mulesoft.org/schema/mule/twitter" xmlns:tracking="http://www.mulesoft.org/schema/mule/ee/tracking" xmlns:http="http://www.mulesoft.org/schema/mule/http" xmlns="http://www.mulesoft.org/schema/mule/core" xmlns:doc="http://www.mulesoft.org/schema/mule/documentation"
	xmlns:spring="http://www.springframework.org/schema/beans" 
	xmlns:xsi="http://www.w3.org/2001/XMLSchema-instance"
	xsi:schemaLocation="http://www.springframework.org/schema/beans http://www.springframework.org/schema/beans/spring-beans-current.xsd
http://www.mulesoft.org/schema/mule/core http://www.mulesoft.org/schema/mule/core/current/mule.xsd
http://www.mulesoft.org/schema/mule/http http://www.mulesoft.org/schema/mule/http/current/mule-http.xsd
http://www.mulesoft.org/schema/mule/twitter http://www.mulesoft.org/schema/mule/twitter/current/mule-twitter.xsd
http://www.mulesoft.org/schema/mule/smtps http://www.mulesoft.org/schema/mule/smtps/current/mule-smtps.xsd
http://www.mulesoft.org/schema/mule/ee/tracking http://www.mulesoft.org/schema/mule/ee/tracking/current/mule-tracking-ee.xsd">
    <http:listener-config name="HTTP_Listener_Game_Listener" host="localhost" port="8081" basePath="game/*" doc:name="HTTP Listener Configuration"/>
    <http:request-config name="STEAM" host="store.steampowered.com" port="80" doc:name="HTTP Request Configuration"/>
    <http:request-config name="STEAM_GAMEPAGE" host="store.steampowered.com" port="80" doc:name="HTTP Request Configuration"/>
    <http:request-config name="HTTP_GET_GAMEPAGE" host="store.steampowered.com" port="80" doc:name="HTTP Request Configuration"/>
    <twitter:config name="Twitter__Configuration" accessKey="986600430422675457-40mznk6K4fMCYrTBR5i4pZAMWM0MdXz" accessSecret="QT3AtSFpCaBKw8F2q8RtVx8vuMhociEaUz0kDTBQDRFOu" consumerKey="qbLkLNSMeimtgX2KjAnFESpcL" consumerSecret="07a34Bq5zmeDD1dDVvwV4XldC9r6ZJPFxzljci6JCiYqPDDOVc" doc:name="Twitter: Configuration"/>
    <flow name="avisadorofertasFlow">
        <http:listener config-ref="HTTP_Listener_Game_Listener" path="/" doc:name="HTTP"/>
        <byte-array-to-string-transformer doc:name="Byte Array to String"/>
        <custom-transformer returnClass="java.lang.String" class="avisadorofertas.GetNombre" doc:name="Get Game Name"/>
        <http:request config-ref="STEAM" path="#[payload.toString()]" method="GET" doc:name="HTTP SearchPage"/>
        <custom-transformer returnClass="java.lang.String" class="avisadorofertas.GetGamePage" doc:name="Get Game URL"/>
        <http:request config-ref="HTTP_GET_GAMEPAGE" path="#[payload.toString()]" method="GET" doc:name="HTTP"/>
        <custom-transformer returnClass="java.lang.String" class="avisadorofertas.GetGameOffer" doc:name="Java"/>
        <echo-component doc:name="Echo"/>
        <choice doc:name="Choice">
            <when expression="#[payload.contains(&quot;Ahorra&quot;)]">
                <twitter:update-status config-ref="Twitter__Configuration" status="#[payload.toString()]" doc:name="Twitter"/>
            </when>
            <when expression="#[payload.contains(&quot;Free&quot;)]">
                <scatter-gather doc:name="Scatter-Gather">
                    <twitter:update-status config-ref="Twitter__Configuration" status="#[payload.toString()]" doc:name="Twitter_ScatterGather"/>
                    <smtps:outbound-endpoint host="smtp.uca.es" user="u32085433" password="c933377" to="jesus.rodriguezheras@alum.uca.es" from="irene.carosehe@alum.uca.es" subject="Mule Steam" responseTimeout="10000" doc:name="SMTP_ScatterGather"/>
                </scatter-gather>
            </when>
            <otherwise>
                <smtps:outbound-endpoint host="smtp.uca.es" user="u32085433" password="c933377" to="jesus.rodriguezheras@alum.uca.es" from="irene.carosehe@alum.uca.es" subject="Mule Steam" responseTimeout="10000" doc:name="SMTP"/>
            </otherwise>
        </choice>
    </flow>
</mule>
